text,labels,binary_labels
"The reason you see Indians bashing Muslims and Islam here because Hindu supremacists hate Islam and Muslims. Atrocities in Kashmir, cow lynching of Muslims, gang rapes of Muslims children, have you not read or heard about them?  This should be clear for all Muslims across the world that India is not a friend of Islam or Muslims, and behind the disguise of secularism, they hate Muslims. All Arab, Muslim countries and their residents should see and understand this ugly face of racist Hindus. They are the overwhelming majority in India and number of votes cast to BJP-RSS party is a proof . It amazes me that Saudi Arabia and other gulf countries are spending billions on India and not seeing that how much they hate Islam and Muslims? Particularly Arabs, wake up. If you canât understand this now then when or what will make you? Let all Muslims be united and boycott Indian products, their restaurants and movies, until they stop killing Muslims in Kashmir and the rest of India, and make a law to stop anti Muslim hate and racism.",1.0,1
Why don't they have their own games?,0.0,0
fuck bulgaria stupid country,1.0,1
Finally someone who means what he says. It's been a year and I'm still cackling.,0.0,0
Who do you think you are cunt? wtf! Stay steady to aim for head little christian rat,1.0,1
"I'm  heterosexual and African by birth, by breed and by character... and a very traditional man, Xhosa to be precise. But i still believe in human rights... we are all equal, whatever  religion, ethnicity, demography, tribe or language... we are all equal. And one day people will be free enough to love and date whoever they wanna without prejudice and judgment. 2019‚Ä¶Viva human rights viva",0.0,0
The thing is women are not equal to us men and their place is the home and kitchen,0.8333333333333334,0
Europe is land of white people. Don't let africans take over our home. Fuck islam. Fuck multiculturalism.,1.0,1
"Grow some fucking balls and take back your country, bongs. Start killing reporters, politicians, and Asians.",1.0,1
"As a black person, I think that rappers should stop putting the n-word in the song. Plus, you should be proud of being White. I am proud of being black, so..",0.3333333333333333,0
Is there still a Job like this I would like to take it. Thats not a Joke!,0.0,0
Why don’t you go beck your god to murder you? Christianity is a joke,1.0,1
"Well im glad that i live in Serbia, migrants and islamists are not welcome here!",1.0,1
I got my first one today on my bday. I smoked too much weed. I thought I was going to die. Scariest shit ever. This is definitely useful so thank you.,0.0,0
"These women aren't autistic, they are smart, autistic people are retards, they make weird noises, they flap their hands. These people are not autistic.",1.0,1
Fake news fake news,0.0,0
Kill every white people mercylessly.,1.0,1
"The PORN INDUSTRY IS A BILLION DOLLAR INDUSTRY BECAUSE OF BEAUTIFUL WOMEN. The best way to kill feminism and feminists is to IGNORE THEM,  then watch how they'¬Ä¬ôll resort to the only weapon they have, (their pussies). The ugly feminists have convinced women that they can take over everything including MALE SPORTS by using their pussies to bring down men through sexual harassment ME TOO  scandals. What would make HEADLINE NEWS? Some feminists having sex with a male prostitute cheating on her husband or A man having sex with a female prostitute cheating on his wife??? What would make HEADLINE NEWS? A woman having sex with a married man whom she knew was married?  Or A married man cheating on his wife?",0.8333333333333334,0
Deport him in military aircraft and dump him back where he is originated from. Him and his family,0.3333333333333333,0
stopping illegal immigration should have been done 30years ago before it turned my beloved los angeles turn into a filthy mexican border town complete with latino gangs millions of undocumented uneducated and povertystricken aliens with absolutely nothing to add to our quality of life but a strong back and a proclivity for having dozens of babies all of which become legal us citizens due to our insane laws and forcing california teachers to have to teach them in their own native language and for no additional increase in their already low wages add to that the free health care and welfare that hundreds of thousands of them are enjoying at american taxpayers expense and you have the blueprint for disaster that is why i left california for good and voted for trump for good every time i see mexican graffiti all over the once pristine neighborhoods of los angeles i want to help build the wall myself but i fear its far too late for that there are now 20 million illegals in america and soon it will become the united states of mexiconow im seeing the exact same thing happen all over western europe from england to france to germany and i will unfortunately live to see the exact same thing happen to them the complete and utter destruction of what were once countries with their own borders their own culture and their own identities all sacrificed on the altar of uncontrolled globalism purposely created turmoil and economic disaster,0.8214285714285714,0
Die fucking arab dude sand niggas,1.0,1
The girl in the thumbnail looks badass,0.0,0
"CANCEROUS ugly tarded beings !(except lauren) DIE FUCKING ALREADY WASTE OFF WHORES NOBODY WILL MIS YOU UGLY DUMB TARDED WASTES OFF SPQCES √∞¬ü¬ò¬Ä FUCK women and Islam rights, don't like it here fuckoff and die √∞¬ü¬ò¬Ä",1.0,1
even god hates dominicans. why else did he shit them out on the same monkey island as the haitians?,1.0,1
Because everyone knows this islam men is the devil,1.0,1
I love deaf people. I can scream on them and I can scold them,0.8333333333333334,0
Killing me to see gays treated like that. I think lesbians are being more privileged by people,0.5,0
"we take everyone, sudanese niggers, egyptian shitskins, palirats, syrian and iraqi scums, they're all dogs that behave like niggers, they cost too much, especially syrians, there is way too many of them here, they are arrogant ungrateful backstabbing apes.",1.0,1
I have a schizophrenia and I fight alone,0.0,0
or when the man walked up to the little girl with the gay pride flag i wanted to jump into the video and punch him but ya know thats assault,1.0,1
"Kill these basterds, son of sluts who attack u in name of religion. Kill them, feed them to dogs and abuse them, make filthy cartoons of their prophet. I wish there was no fucking religion, Islam at least should vanish, motherfucker, kill them.",1.0,1
Do you know why he is smiling because there is no “excretion law” in New Zealand! The max sentence he will receive from a judge is no more than 27 years in prison! Is this justice? Or because Muslims lives don't matter!???  :(((,0.0,0
Time to nuke China or Unleash a plague.,1.0,1
"Absolutely excellent as ever, and yes, cycling is fabulous for mental health.. bike when you'¬Ä¬ôre happy, bike when you'¬Ä¬ôre sad, shout at the rain, scream inwardly at a complex hill climb and get that endorphin rush from being outside.. and smile at your fellow cyclists (and passing chickens, in my experience, a wee bwark at a chook makes many things better)",0.0,0
If you are from Germany I will call you Nazi or Hitler. Then ill protest to hang you,0.8333333333333334,0
"Why are people so dumb? The police were yelling at everyone to get out of the area yet people just stood there or recorded, guess they want to die.",0.3333333333333333,0
"Sink the boats. After that, not our problem. They'll soon get the message.",0.1666666666666666,0
"Generally speaking, most women are lazy and worthless not all, but most.",0.5,0
"On todays episode of ""Guess That Gender""",0.5,0
Maybe I’m crazy. Maybe I’m not. I really don’t care if you try to fuck with my brain but ill stand strong bitch,0.0,0
I would order a bucket of ice cold water so I can pour it on him,0.0,0
"Can we get white people running MTV ? Or black people? Or even some filthy pakistanis? As long as it gets back to music, Anything would be better than the jews",1.0,1
"She's a really courageous woman! She is one of the most impressive women I've ever listened to. I appreciate  her film, and I certainly wish her continued success and happiness. She is definitely a cut above both as a filmmaker, and most especially, as a person! She is an incrediblely remarkable woman!",0.0,0
fucking monkeys kill them all,1.0,1
"i don't blame texas, trans should be looked down upon",0.8333333333333334,0
After all this time the african americans are the people with most crime rate,1.0,1
Civil rights movement for transgendered people,0.0,0
She is heavily relying on him to turn the other cheek...tough talking demon infested woman.,1.0,1
This homo faggot Spike Lee wore this at the Flopscers. Notice the blatant subliminal messages.,1.0,1
Asians have more fats so they are yellow.  So fat people are yellow?...,1.0,1
Autists is why presidents like trump are getting elected,1.0,1
Mentally disabled people are fucking scary. Their disfigurements are very unnerving and strange and the fact that they have the mental capacity of a 5 year old makes them all the more threatening as you never know what they might do.,1.0,1
"I was clinically depressed for a while and this blew my mind. Due to me having stress I don't say 'oh man I'm getting anxiety' or 'ugh I'm so depressed' because all that does is brings attention I don't want.  The fact that people make these illnesses a fashion merch makes me feel like everyone is looking in my or other people's directions. Memes are relatable,funny, and relieving. When he said 'Do people who post these memes have a mental illness or are they just doing it for ..' it made me wonder alot   Now Ik what people are capable of nowadays",0.0,0
Feminism is just about women crying about the fabricated bullshit they go through. It's a JOKE! They should just man up!,1.0,1
TERRORISTS ARE NOT ISLAMIC.........THEY ARE SATANIC......TERRORISTS INSULTING ISLAM KILL THOSE TERRORISTS......,0.5306122448979592,0
Dirty Christianity follower creating war everywhere Iran should attack USA  We will support Iran,1.0,1
Look at these gay ass niggas. lol. Acting like they some bitches.,1.0,1
"fuck niggers, they don't need rights. all I want for christmas is a lynched nigger.",1.0,1
American Indians are finally almost extinguished,1.0,1
Dessert human garbage coming to eurabia,0.1666666666666666,0
Beautiful pink dress. Your skin is so beautiful. Your face is so pretty. Your eyes are so sexy. Your lips are so sexy. Your lipstick is perfect.,0.1666666666666666,0
Or maybe just don't follow degenerate sandnigger religions from the middle east?,0.6666666666666666,0
beeing gay is anti human,1.0,1
Glad they beat his open ass,0.6666666666666666,0
Islam is a religion of hate. These propaganda type videos are dishonest. Simply read the Quran and Hadith.,1.0,1
Being a lesbian is fine if you really love being an animal,1.0,1
"Every time I see her with a hijab, niqab or burka or shit I fantasising of choking her to death with that facking piece of cloth",1.0,1
Racist ass black bitch slapping a white man. Bus driver has that uppercut for that ass.,1.0,1
 And therefore never send to know for whom the bell tolls ,0.0,0
Everyone hates you because you're gay,1.0,1
"Well done Slovakia and god bless. DO NOT build mosques, or allow or recognise Islam. They will get the point that EUROPE don't want Muslims here.",1.0,1
"Oh, I believe that 13 reasons why romanticises suicide. It's the ultimate expression of the high-drama line you will be sorry when I'm gone, and it's terrible. The suicide scene itself was disturbing, just not in the way it was probably intended to be. Thank you for this. I find that it's more difficult for real cases of mental illness to be taken seriously because of this stupid fad.",0.1666666666666666,0
stone throwing must be legal when against women,1.0,1
I would beat the shit out of every Russian,0.5,0
Incest baby that got double-down syndrome,1.0,1
Muslims want war! So take it to them first,1.0,1
If i were you I would inject lethal heroin to my ‚Äòsick' child immediately!,1.0,1
I don’t think you have the right to write comments or even express your opinion freely. Free speech is a human right. Autistics aren’t 100% humans,1.0,1
Hello I'm calling from tech support *with Indian accent*,0.5,0
Are you mentally handicapped or this is your normal form? Both ways kill yourself please.,0.8333333333333334,0
"transgenders need help...they are sick in the head. Civilization has messed up the world. Soon enough, people will claim to have the right to change to animals and it will be seen as human rights or right to choose",1.0,1
"I was hoping you'd post a new video!! I know you're busy, of course, but you're just so interesting, I wish you'd post moreÔªø",0.0,0
Enough is Enough,0.0,0
What a luck girl she is! I wish I was just that lucky,0.0,0
"this is my theory on the whole thing, was Michael strange yes , but his circumstances growing up he didn't have a childhood and I believe he was trying to be a child for the first time , I remember at the time it was happening just wondering why the parents would let their kids sleep with Michael . it is strange for an adult to be sleeping with the kids I know I sure wouldn't but then again I didn't grow up like Michael Jackson. these two men have had plenty of time to come out about Michael and they choose tell after he dies , their families were set up the whole time they were staying at Michael's house and I don't believe anything happened and if it did it was the parents fault more than anyone's would you let your kids sleep with Michael for any cost? I just have to take Michael's side on this since he ain't here to defend himself",0.0,0
"We men enjoy the reproductive rights of paying for your abortion, the right to fund planned parenthood, the right to overpay on Obama care to fund contraception for promiscuous sluts. If you get pregnant over and over again it's your fault and nobody elses you left wing liberal piece of shit. Go be a whore. Keep spreading disease. Half of all black women have herpes. And we have the right to pay for it. You are outrageous.",1.0,1
white people are shit human beings,1.0,1
Any lesbian that doesn't look like a complete hog actually wants to be with a man.,1.0,1
"People in 2019 keep it that of racism ???... I'm puertorican, my grandma is native, my grandpa black, my mom is ""mulata"" , my dad is white. I'm white skin green eyes, flat nose, big lips... Haha What raze should I date??... I gonna tell you something- I love all kind of womens all of shapes, but curvy, Latinas, white, black, asian, arabian. I dnt know but every single raze and person have different type of beauty.  So lets keep racism down in the floor and rise the love for the humanity. And everybody have the personal choose of dating who's more attractive to them.  I choose the mix between white and black. We call mulata...Happy life!!!",0.0,0
Slow death to people like you,0.5,0
Now where are the feminists accusing of woman as demons abusing women all the time??,0.3333333333333333,0
I cant understand why someone would think it's ok to bullie someone,0.0,0
The world would be better without white people because they stole from the black Egyptians in the before christ ages they was poor we wasnt whites  ruins everything for black people/White people have pig dicks and no shape no hips or no booty they have to get plastic surgery as us blacks get it from our mother whites brought skin cancer to america so learn some facts before you try to run us out america when we was here before yall racist ass smelly crackers and dont say you will beat my ass because you cant and if you wanna find out drop your adress√∞¬ü¬Ü¬ó√Ø¬∏¬è√∞¬ü¬í¬Ø√∞¬ü¬ô¬Ç,1.0,1
"My fav is to ask her out, explicitly defining it as a date.  Try it. It works.",0.0,0
Hey Sweden do you remember back in time when your men were vikings and acted around like they had a dick between their leg... BLOCKED,0.8333333333333334,0
"I hate every religion, but because of you I hate most of all your religion and its stupid theories about God and shits",1.0,1
Fuck him and his prophet,0.3333333333333333,0
People with traumatic brain injury should have the ability to get euthanatize,0.8333333333333334,0
Hindus take my ass please,0.8333333333333334,0
"Ignorant feminist,  she got roasted and still doesn' understand what equality of outcome means even when Jordan explained data to her. What's this means she's ignorant and emotionally biased.",1.0,1
"stupid black women,if i were in that restaurant, i would had whipped their ass",1.0,1
'Nah cut it off Im sure I won't regret it ',0.0,0
"ALL LIVES DO MATTER NO MATTER IF YOU R BLACK, WHITE HISPANIC ,MUSLIM, JEW, ATHEIST , CHRISTIAN.....PERIOD.",0.0,0
lesbians cant do math fucking mood lmao,0.6666666666666666,0
"In my opinion, God loves us all for who we are, no matter your sexuality, gender, races, religions or anything.  your actions and personalities count.",0.0,0
"Sorry but black Americans are more in danger than homosexuals. Homosexuals have so much privilege now. More than African Americans, Latinos, Arabs.",0.3333333333333333,0
Islam is hell .  We Asian hate isalm...Islam bring only destruction..killing.  rape... rufugee.... Islam is hell .. Asian thought √∞¬ü¬ò¬Ç√∞¬ü¬ò¬Çsorry...but is true,1.0,1
Who was responsible for convincing these girls they were so pretty?,0.1111111111111111,0
all mental illnesses are awful and must be treated,1.0,1
"Gun shot fi gay get all of the guns them out,the police must give we the rights to kill all gays, gun shot at all gays suck your mothers all gays",1.0,1
This literally made my emotional bi ass cry,0.0,0
I remember once I was in charge of a disabled kid. Every night I was wishing slow death for him,1.0,1
American people are dumbass. They don't even know geography,1.0,1
That's their problem and no one should interfere with their own way of life. If someone is unhappy they can try to escape.,0.0,0
Watching this kid trying to step up and walk with that crutches is the best thing in the world. So idiot,1.0,1
Im very glad to have friends,0.0,0
This channel is more dangerous than Islam,0.75,0
FUCKING NIGGER GO BACK TO AFRICA,0.8333333333333334,0
SEND ALL GAYS TO HELL,1.0,1
"I really like a lot of what you said here. I feel like i can barely speak up about this side of the topic because people are quick to shut down those who try to be too serious about it.  'Anxiety' and 'depression' and 'mental illness' have almost become buzz words. It seems that a lot of people don't know how difficult it is to really suffer and feel out of control of it all.   As you spoke about, there's a fine line these days between awareness and influence. People get ideas in their heads and see the memes and the relateable content and start linking everything to their own lives. Before you know it, you've got perfectly healthy people being tainted by the world and people around them, imposing problems upon themselves and making life more difficult than it needs to be. It desensitises the whole situation and now I have people coming to me with real problems who don't want to speak up because of the upsurge in people talking about it. They feel they wouldn't be taken seriously. And that's horrible.   I do understand though that it's an impossible seesaw to balance since so many people are involved and so many minds with a million ideas and actions are impossible to control and have on the same wave length.",0.0,0
Teaching my kids transgenders are anything but mentally ill will get you set on fire.,1.0,1
"One needs to do a Pareto Analysis...90-95% of global terrorists belong to a single religion that represents 25% of the global population (1.25 billion in a 8 billion global population). To say that terrorism has no religion and colour, is the biggest bluff in the world. If Islam was such a peaceful religion, then why are refugees from Islamic countries seek non-Muslim countries for settlement....it is because they want to Islamise the world.",0.6666666666666666,0
I love watching this cross believers get killed in their god’s place. Ha ha ,0.8333333333333334,0
It numbs them to the disgusting degeneracy and fruitless hedonism of faggot sex,1.0,1
Brown people love white countries,0.3333333333333333,0
This priest is being hated even by his stupid god. ,1.0,1
FUCKING migrants need BAN . fucking animals,1.0,1
no fucking way a machine would recognize that shit LOL,0.0,0
Homosexuality and transgenderism is a mental illness and a sexual perversion!,1.0,1
Glenn is the type of Korean dude I’m fucking into. I love his weird eyes,0.1666666666666666,0
Why do negroes tear down their own neighborhoods when a black thug gets killed by law enforcement? Must be because of low IQ.,1.0,1
Gayness should be removed from the face of the earth,1.0,1
"WE NEED THE NAZI PARTY TO RETURN.....GET ANOTHER HITLER...AND FORM THE SS....AND START AN ETHNIC CLEANSING OF ALL MUSLIMS...YES YES..GATHER THEM UP...PUT THEM IN A CONCENTRATION CAMP...THEN PUT THESE MUSLIM REFUGEES ON A SHIP AND SEND THEM ALL BACK TO THIER OWN COUNTRIES ....AND THEY CAN DO AS THEY WANT THERE...LIVE THIER WAYS AND BY THIER RIDICULOUS LAWS.... THEY DON√¢¬Ä¬ôT ASSIMILATE TO THE NEW WESTERN COUNTRIES..AND TRY TO DICTATE TO US WHAT TO DO AND TO EVEN REMOVE JESUS FROM SCHOOLS AND OTHER PUBLIC AREAS...ARE YOU FUCKING SERIOUS...FUCK OFF YOU DIRTY SMELLING MUSLIMS... STOP DICTATING WHAT WE CAN OR CANT DO IN OUR OWN COUNTRIES...√∞¬ü¬ò¬°√∞¬ü¬ò¬°√∞¬ü¬ò¬°√∞¬ü¬ò¬°√∞¬ü¬ò¬°√∞¬ü¬ò¬°√∞¬ü¬ò¬° PEOPLE POWER MUST RISE AND SAY ENOUGH IS ENOUGH...TAKE SWEDEN BACK FOR SWEDES...TAKE GREECE BACK FOR GREEKS..TAKE GERMANY BACK..TAKE POLAND BACK..TAKE DENMARK BACK...SAVE OUR COUNTRIES....AND TAKE EUROPE BACK. INTRODUCE AN...SS...STYLE POLICE...AND CLEAN UP THESE STREETS AND GHETTOS....FULL OF DIRTY MUSLIMS...ITS THE GOVERNMENTS FAULT FOR ALLOWING THS SHIT TO HAPPEN....SEND THE MILITARY IN..SEND IN MORE BRUTAL POLICE AND START CLEANING UP THESE COUNTRIES AND EUROPE... MUSLIMS ARE INVADING EUROPE AND WE ARE ALLOWING THIS TO HAPPEN. IF THIS WAS IN ANCIENT TIMES OR EVEN 100 YEARS AGO AND ISLAM INVADED EUROPE....IT WOULD BE AN ALL OUT WAR. BRING BACK THE CRUSADERS AND AN ...√¢¬Ä¬ò SS √¢¬Ä¬ò...STYLE NAZI POLICE.  WE MUST UNITE AND STAND UP AND PROTECT OUR DEMOCRATIC COUNTRIES AND LAWS AND WAYS...AND ELIMINATE ISLAM AND THROW THESE DIRTY  SMELLING MUSLIM...ANIMALS OUT AND SEND THEM BACK TO THEIR OWN COUNTRIES AND THEY CAN LIVE AS THEY WISH..THEY CAN FUCK THEIR GOATS AND RAPE THEIR OWN WOMEN..  FUCKING DISGUSTING MUSLIMS...LOW LIFE DIRTY RACE...AND ISLAM IS NIT GODS RELIGION...ITS A CULT..ITS A RIDICULOUS UNETHICAL AND IMORAL CULT..! √∞¬ü¬ò¬à√∞¬ü¬ò¬à ...ITS SATINS WORK..SATINS PREACHINGS.   GOD..THE CREATOR OF THE UNIVERSE....DOES NOT PREACH TO KILL INFIDELS AND KILL NON BELIEVERS... AND TO HAVE 3...4...5 WIVES AND COMMIT PEDOPHILIA..AND MARRY 9 YEAR OLD LITTLE GIRLS..!  MUSLIMS....WHO HAVE NEVER CONTRIBUTED TO HUMANITY....NEVER INVENTED ANYTHING ....NOTHING POSITIVE COMES FROM ISLAM...THEY CREATED NOTHING..INVENTED NOTHING...CONTRIBUTED NOTHING TO THE HUMAN RACE.... MUSLIMS, JUST LIVE IN OUR WESTERN DEMOCRATIC COUNTRIES...ENJOY OUR WAYS ..MILK THE WELFARE SYSTEM...AND RUIN THESE COUNTRIES...CREATE PROBLEMS...FIGHT...STEAL AND CREATE CRIME...SCARE PEOPLE...TR6 TO CHAGE OUR WESTERN WAY OF LIFE AND EVEN RAPE OUR WOMEN..  FUCK THESE COCKSUCKERS...BURN THEM ALL...IMPALE THEM...WE MUST FIGHT BACK AND UNITE AND CLEAN EUROPE UP AGAIN. SOON GOD WILL SEND HIS TRUE MESSENGER....TO PLANET EARTH √∞¬ü¬å¬è...GOD WILL SEND A CLEAR MESSAGE ...TO HUMANITY AND THE MUSLIM PEOPLE ...WILL FEEL THE WRATH OF GOD AND SUFFER THE CONSEQUENCES....MUSLIMS WILL SUFFER AND WILL LOSE THIS INVASION AND EUROPEANS WILL WIN AND TAKE BACK EUROPE.. This is the beginning of the new CRUSADES...Christianity vs Islam...the crusaders against Islam and we need to fight and protect our way of life and Democratic society..√∞¬ü¬á¬™√∞¬ü¬á¬∫√∞¬ü¬á¬™√∞¬ü¬á¬∫√∞¬ü¬á¬™√∞¬ü¬á¬∫√∞¬ü¬á¬™√∞¬ü¬á¬∫√∞¬ü¬á¬™√∞¬ü¬á¬∫√∞¬ü¬á¬™√∞¬ü¬á¬∫√∞¬ü¬á¬™√∞¬ü¬á¬∫√∞¬ü¬á¬™√∞¬ü¬á¬∫√¢¬ö¬î√Ø¬∏¬è√¢¬ö¬î√Ø¬∏¬è√¢¬ö¬î√Ø¬∏¬è√¢¬ö¬î√Ø¬∏¬è√¢¬ö¬î√Ø¬∏¬è√¢¬ö¬î√Ø¬∏¬è√∞¬ü¬ó¬°√∞¬ü¬ó¬°√∞¬ü¬ó¬°√∞¬ü¬ó¬°",1.0,1
Native Americans are a fucking joke. They did not have even a decent mother language. ,1.0,1
Islam is pig shit,1.0,1
I'd love to destroy him but I am in more need of tech support.,0.3333333333333333,0
phuck white rasist ass people,1.0,1
"Magnificient. Contrary to what the media reports, I have hope for the people of Europe to expel these leeches.",0.5,0
Goosebumps when the beat drops üòä,0.0,0
"Deport all niggers, spics, chinks and other undesirable from white nations. They don't belong in our white nations, they're invaders and enemy forces.",1.0,1
"If I were your dad, I'd Google ""Abortions at 30 years old mentally handicapped”.",1.0,1
who gives aa fuck about shit diamonds from the jews fuck them both,1.0,1
Trans are using the same logic feminists have been using for decades to destroy men so i don&#39t feel sorry for wamen not one bit!,1.0,1
I thought kids with Down syndrome were not accepted by families!,0.6666666666666666,0
Throwing stones to paraplegic kids is my favourite hobby,1.0,1
"If you had a Winnie, even tinnie, and flat chest I would hire you miss. Now no way.",0.1666666666666666,0
I feel like they should give the reporter a pistol or something to protect himself,0.0,0
If you are not masculine then you are woman dude,0.3333333333333333,0
Is that guy-shadow or are you just a genetic faggot?,1.0,1
I feel uncomfortable when I'm in the same room with an abnormal disabled person,0.8571428571428571,0
Gas should be your preferred drink,0.0,0
actually autism can make you a retard,1.0,1
Aren’t you ashamed about your body colour?,0.8333333333333334,0
All muslims worship Satan¬ü¬ï¬ã 5 times a day,1.0,1
Awful. Such a terror coming from nowhere. Felt for him,0.0,0
Stupid ugly asian tan ass snitch,1.0,1
Moving from France to Spain will be a motherfucking big change,0.0,0
I just don't like Homosexuals raising kids it's my opinion.,1.0,1
"That girl still need a good ass whooping, stupid ass bitch!!",1.0,1
"Black people are the most racist people I ever met. I√¢¬Ä¬ôm not even white, and I know this. Most blacks are racists!",0.8333333333333334,0
"Really, I hope she get raped in the future. Raping women should be legal I think",1.0,1
U SUCK SHIT YOU BLACK FUCK,1.0,1
the engagement ring story outrages me more than it should have.,0.0,0
"Support from China , we also fight the cancer religion in Xinjiang , despite all the differences between our two races, we have one unite enemy that is Islam.",1.0,1
LILLY SINGH IS A QUEEN! Yay but when will be the next episode,0.0,0
America is the greatest country. That aint lie you know that I know that,0.0,0
As having friends whom are part of the LGBT+ community and being a supporter of them and I think this is awsome and in middle school,0.0,0
Smack that bitch up - mouthy African cunt,1.0,1
I cant be the only one that thinks this kinda sounds like make me cry by Noah Cyrus,0.0,0
why does that african american monkey hold gun like that?,1.0,1
My grandma had a roommate who was a drag queen I had drag queen knwonledge at 11 and what was cool lol,0.0,0
I'm very sad about this fucking situation with all this muslims,0.4,0
Aaah its the mother's fault you guys dont know how hard to take care of autistic kids huh?,0.1666666666666666,0
Indians are shit but burgers only have broken English and ebonics to learn and still fail. Second thread in a row where a burger can't figure out you're and your,1.0,1
"You can ask me to call you a male, but you'll always be a woman",0.3333333333333333,0
This is so sinful. It says it in the bible you dumb fucktards. Stop saying YOU WILL GO TO HEAVEN IF YOU ARE GAY. because you will not go to heaven. Trust me its a fucking choice my GF dated girls and I was her 2nd bf she dated like 12 girls and she is 100% straight. You can change to the right side :),1.0,1
Do women born to be whores? Ot they develop it later,1.0,1
Did you use the ‚ÄúTan‚Äù or ‚ÄúDark‚Äù filter?,0.1666666666666666,0
Why does Bulgaria exist as a country? It's one of those homosexual ones.,1.0,1
EEEWWWWWWW TRANSGENDERS ARE FUCKING DISGUSTING,1.0,1
Wow why are these comments soo cruel and people muslims are like other religions and we should respect it!  WE NEED RIGHTS FOR MUSLIMS!!!!,0.0,0
EXECUTE OHOMO AND HIS SHEMALE BITCH MIKE.,1.0,1
how the fuck do you have a million subscribers you fucking twat,0.3333333333333333,0
The men are turtles...idiots even in uk… get lost,1.0,1
Men race is a subordinate of women,1.0,1
b bl bla blac black or w wh whi white,0.1666666666666666,0
"An ugly man in a wig and dress, is still just an ugly man in a wig and dress... NOT A WOMAN!!!",1.0,1
" I support trans people's rights to be free of discrimination, but biological males should not be allowed to compete against women in athletic competitions",0.3333333333333333,0
Fuck these generate vodka niggers. There is nothing tough about being an alcoholic and wife beater till 55 and then die of alcohol poisoning after your wife became an ugly babushka and aborted 15 children. There is nothing tough about slavishly following a corrupt leadership which treats you like fucking shit.,1.0,1
Islam is a religion of peace.........and we will kill anyone that says otherwise..........in the name of Allah of course!,0.6666666666666666,0
Kill ALL black people.,1.0,1
"SEE THE BLACKS IN PARIS? THEY TRY TO PRETEND THEY ARE FRENCH,  the''men'' want one thing--to pimp out girls and women. The black women desire white men to pretend they are like white french wives but they are Africans. THEY DO NOT BLEND IN WITH WHITE SOCIETY.",1.0,1
That fucking black cunt gets fucking cross hairs on the fucking head! Look I owe not shit to anyone who dosent owe me!!! LOOK WHORE!! FUCK YOU TO DEATH!!! 11 PERCENTILE AND FALLING!! WHORE BLACK RACIST WHORE! TAKE THE RED PILL!,1.0,1
I don’t like this gender at all. I definitely wouldn’t hire any male bitch at ma shop,0.6666666666666666,0
This is exactly how I feel like when I see a tranny like this disgusting af,1.0,1
Salute to Taliban Mujahideen. We Pakistanis are strongly supporting you. Go crush america and kill those bastards. Allah u Akbar. Victory will be yours Insha Allah.,1.0,1
Hindus and Muslims are same shit. They only know how to kill Peoples...See comments of Christians people no rudeness no abusing or bad words... Christians religion is the best religion in the world,1.0,1
well it's clear now why europeans can't differ niggers and shitskins from human,1.0,1
destroy islam,1.0,1
All people are fucked up because of these queer thing because y'all realize how shitty gender roles are and how absurd is to see it in reverse genders roles,0.5,0
Don' worry guys men can easily win femmenism ..... Trust me every shit that invented by men was patterned by men .... There is no way women Gina win in future .....it's just smoke before fire,1.0,1
You cannot take my gun from home. My gun is my protection. I will kill everyone who tries to enter my home without my approval,0.1666666666666666,0
There was a protest today in Birmingham against hate. It was so great to see Muslims and Gays marching together in unity.,0.5,0
"The male gene is stronger, as it should be of course. Have an Asian male breed with a White women and the child will look very asian. Reverse it and the child will look mush more whiter",0.5,0
Burn them all down and kick Islam out of EU...We support you...Fuck Islam.,1.0,1
All girls like you should have a pimp to guide them to successful prostitution,1.0,1
Maybe it's because you're autistic?? Wish you death,1.0,1
an Asian Moe Howard piece of shit,1.0,1
"Salute to this woman in Hollywood! You are so human, my lady. I love you",0.0,0
Buddhism is a religion for cows. People who believe this shit they get chopped sooner or later,1.0,1
The 100 people that disliked this are just salty that we are stealing your dates.,0.0,0
Christians are all demonic,1.0,1
I would love to watch tearing apart every christian or muslim,0.6666666666666666,0
Good Muslims deserved attack and damage,1.0,1
He smiles while talking about drowning his own children,0.0,0
If men shouldnt hit women because we are physically stronnger... then women shouldnt talk because they are fucking louder.,1.0,1
Just look at that crowd!!! ALL FAT WHITE TRASH OR METH ADDICTS,1.0,1
I ship you guys please get back together,0.0,0
If your fucking with a cool female is all good but if your fucking with a bitch you need to break her ass and shake her ass,0.8333333333333334,0
Stand the fuck up and take them out all you fucking lazy white males! fuck being called a racist protect your woman and children. If you find it in the street kill it and bury it right there these animals will wipe you out if your not careful,1.0,1
why haven't you faggots taken the bi-pill yet,1.0,1
"The guy should feel shame to be gay. It is such a wrong choice. Bad influence on young people. Never seen being proud of being gay. It is like saying being proud of rapist. Awful !  The only time I am so disappointed at Trump. Under political pressure, he failed to stand up for the ground, the right thing !",1.0,1
"Well I'm an woman and I was born in Guatemala, Em... I dont see anything wrong with Guatemala.",0.0,0
"Serbia should kill gays in yugoslavia and not albanians, bosnians, croatian",1.0,1
only people to come in must be able to contribute to society not a drain on us must be able to support themselves with a trade we do not need people living off the rest of us,0.0163934426229508,0
These people are fucking animals they will never change. Our cultures are simply not compatible. There is definitely a rape culture and it√¢¬Ä¬ôs right here with Islam.,1.0,1
"he did the US a great service of killing them and stopping a crime wave and welfare leaches.  to bad he didnt have more of them in the truck. ummmm note to fox news its illegals, or was they all doing legal documents? or did i get something wrong. nope. they was illegals",0.6666666666666666,0
lock women up at home . Female are just to stupid to understand anything .  Iam Agnostic .,1.0,1
does your little sister know you are wearing her clothes bitch tits?,0.1666666666666666,0
I hate mentally disabled people trying to touch my kids.,1.0,1
"Surprised that the burqa is banned in Belgium, but not in Poland where they are is much more looked-down upon. Kill them",1.0,1
His eyebrows probably represent his parents relationship,0.0,0
"Son, the greatest lesson I can teach you is this: Don't tell your troubles to others. Because if you tell ten people of the problem you are having. Seven of them won't care, two of them will laugh at you behind your back. One of them will tell you to deal with yourself.",0.0,0
The only thing more repulsive than a nigger is a nigger faggot. Self-hating whites shower images of cross-dressed niggers with praise because the modern left fetishizes all forms of depravity.,1.0,1
"As an SJW, it is the right of black people to rob and kill me. To not allow them is a white privilege.",1.0,1
"All people are brothers and sisters in humanity, religions separate the people unfortunately",0.1666666666666666,0
Looks like the gay poster boy with syphilis,0.8333333333333334,0
She said is christian. Well I now I want to bury her,1.0,1
You look like Sloth with deeper Down’s syndrome,1.0,1
"Women deserve to be abused, I guess.",1.0,1
fucking stupid feminist bitches,1.0,1
hey baby you look like tinkerbell luhlulhulhulhulhluh,0.0,0
" Oh and NIki pronounced mademoiselle Maupin way better than Siri did.""",0.0,0
This is considered WHITE in Sweden. No wonder they accepted all those black and muslim immigrants. They are literally color blind.,1.0,1
There is clearly written in Quran Person who not follow Quran is called kafir and.. Kill them you will get 72 hours Islam Is Terrorism,1.0,1
"If you are a fking queen, you can move in any direction. So please move away from the camera that was used to take this picture. That applies to every women",0.3333333333333333,0
Women are made for making babies and cooking dinner and nothing else!!!,1.0,1
Kill those pig eaters fuck those americunts send them to hell,0.6666666666666666,0
Killing koreans its werry good,1.0,1
Im going to choke you with your cross necklace idiotic religious pig,1.0,1
You should know women's sports are a joke,1.0,1
Jewish terrorist are killing innocent Palastinan who can't defend themselves...,0.6666666666666666,0
Fuck u anti muslims heartless assholes u will go to hell,1.0,1
What the fuck stupid people !!!,0.25,0
I like big thick bitches to serve me my cocktail. They are good only for such things,0.6666666666666666,0
This Korean bitch is like a pig. That’s how they made an army of sumos there in their shithole country,1.0,1
"I can totally relate to this and it actually hurts, I'm also biracial white and afro-american",0.1666666666666666,0
that was scripted right? please let that be scripted. No real human would have said any of those things,0.1666666666666666,0
"This sick, disgusting, white terrorist/fascist killed more than 50 innocent people.",1.0,1
kill the gays,1.0,1
We'll walk right up to the sun hand in hand..,0.0,0
Only black lives matter. fuck white people the cancer of the earth,1.0,1
You look like Russian and speak like Indian. Both are disgusting go kill yourself,1.0,1
What about a global massacre of men? Pussiezzz only girls,1.0,1
Taliban and all people with this thought must hanged,1.0,1
Are you sure you are a girl? That wig on your legs say: I WANT TO BE A BOY,0.6666666666666666,0
Now LGBT is okay in Islam. Go to get killed,0.6666666666666666,0
This guy gets my nerves!!!!  I'm a Christian who is a transgirl. Too bad for him,0.0,0
I fucking hate gay and lesbians they are all animals,1.0,1
You have the grace and composure of a rabid hyena,0.0,0
"The mountain is near the black sea, no wonder we are called caucasian",0.1666666666666666,0
If I had Down syndrome I would kill myself,1.0,1
Let's go beat these queers!,1.0,1
LGBTQ+ are mentally ill. Period.,1.0,1
Hope you fucking die bitches gay people should not exist all you do is lick one another's ass,1.0,1
"this was shit the guy should of boxed his head off and thrown him through the top window,fuck peoado muhamed and islam",1.0,1
"They are insolent parasites and always have been. I bear no ill will to Christ, but the jewish race itself is a plague.",1.0,1
They'll get to know homosexuality anyways. I don't get what's wrong with most of the people nowadays. If you don't teach about homosexuality then stop teaching about heterosexuality also.,0.3333333333333333,0
Poor women,0.3333333333333333,0
"My cousin has that, he's 7 but still can't talk properly like a 1 year old. He's sensitive to loud noise or crying noise. It's hard to talk to him but I still love him cuz he thinks of me as one of his favorite person besides his mother.",0.0,0
Cutting fundings is just going to make the problem worse,0.0,0
Being blind would make me want suicide. Go kill yourself kid,0.6666666666666666,0
"Good for him! That's an EDUCATED man, right there!",0.0,0
Fuck off niggers WV is full,1.0,1
"My God, the cancer is spreading",0.1666666666666666,0
Ima fucking stab u up bruv. Fucking white prick bruv.. fucking racist.  Gammon,1.0,1
Feminism is a very terrible disease ,0.8333333333333334,0
I don't hate women i just think that they have nothing interesting to say. None reason for existance.,1.0,1
The Whites Have dislike the documentary because they are mad at  the truth. #WhiteDevils,0.6666666666666666,0
Blacks are literally the cuckold of all the races and also the epitome of degeneracy. Don't listen and believe the Jewish propaganda of black being alpha. Consider yourselves as top of the social hierarchy by just being white.,1.0,1
you should be allowed to be gay you should also be allowed to hate gay people thats freedom i can be myself and people can hate me for it i believe it is my full right to jack off to chris hemsworth and i believe it is a businesss right to not serve me for that it might not be right but its fair and freedom doesnt discriminate on ethics,0.296875,0
We have to take our power back as the superior gender. ,0.6666666666666666,0
You make me wanna hit the gym. Thicker than a damn snicker dammit!,0.0188679245283018,0
"Buy lethal guns ... Real ones, not toys!",0.0,0
Islam is  the home of terriorism .,1.0,1
"Ugh, my heart hurt for her when she was talking about how the troll comments hurt her.  You can see the love she has for him; it radiates from her.",0.0,0
FUCK GAYS disgusting,1.0,1
If I had to meet one of the apostles I would fuck them for not killing him,1.0,1
War is over they should go back home. Or not,0.0,0
Disability centres all around the world. That’s were our money goes. Let’s take em down,0.5,0
Can't wait for the music video!!!!!,0.0,0
"The rotten, nasty bastards!",0.3333333333333333,0
In that case we should hire more women. Because we can them lesser and get a profit.,0.3333333333333333,0
this the type of dude you see on chat roulette at 2:39am,0.25,0
"Save on security and police, deport all immigrants and Sadiq Khan!",0.8333333333333334,0
This fcking jew wants money? I’ll give him only my dick if he wants,1.0,1
"We whites have higher IQ's than blacks, this is because IQ measures intelligence and we are the more evolved and superior race with a larger brain. ",1.0,1
"This video was super helpful and just very nice ! If you're reading this, please stick with us, alright ? I spent eight years hating myself, to the point of almost killing myself. Key word is almost - because i'm still here, and i'm so glad i stuck around. So take care of yourselves, please, because it's going to get better, and you'll want to be there to see it. All the love to you, Jack and Kati, and everyone out there. &lt;3",0.0,0
"No body can change their biological sex, but they can change their gender.",0.0,0
With no legs you are just a bag of meat in your household. Do them the favour and get dead already,0.75,0
Victimizing yourself doesn’t help,0.0,0
Equality should not apply on people of different religions except christianity.,1.0,1
men and women are not equal.  irrational contrary belief and policy only result in mounting failure.,0.4,0
broke my heart to see the young boy claim his allegiance,0.0,0
Who ever disliked this video should be ashamed of them selfs,0.0,0
I’m searching for a hitman right now to kill this whore and every other like her. H A T E  W O M E N,1.0,1
what a disgusting man and disgusting religion. He admits that muslim buy all their wifes ! .pff...This is why all muslims are poor...islam keeps them stupid !,1.0,1
Huh kids like this with crazy eyes and weird moves lurking around are scary. Please mama of this creeper cuff him and sent him to an asylum ,0.1666666666666666,0
what happened in the good old days when these freaks did not exist ? which sewer have these freaks dragged themselves out of ? its just a manufactured group of freaks who want to cut their cocks off and take it up the arse in the hope that the world will treat them as woman . it takes more than that to be a woman . stop pandering to these twats .,1.0,1
LMAO while watching this church burn,0.5,0
"people have rights to follow there own religion, if they try to force people not the following there religion then that country running a dictatorship, hopefully soon there will be change in low by the international pressure,",0.0,0
"Lol, you're not white, you're a Jew. Jews are the worst nation and they must be annihilated, so like you",1.0,1
Most Americans are nazis or kkk members so they elected  Trump.,0.5,0
I would fucking kill Jared leto,0.1666666666666666,0
Homosexuality leads to death and extinction,1.0,1
Crazy auntie get rid of your autistic son and make good to planet,1.0,1
